phenotype,t_stat,p_value
Phenotype_A,-16.476390749920224,5.6287462296022866e-61
Phenotype_B,-358.1384715145394,0.0
Phenotype_C,102.91352525929385,0.0
Phenotype_D,273.17281344116867,0.0
Phenotype_E,226.54040951857777,0.0
